"File","RelativePath","SHA256","Timestamp"
"1_Pod_Status.txt","1_Pod_Status.txt","BCA888CD3011FBDCF6D361E57EFC1EB82E21993360FAA303A30AFB0BFD5C53A6","2026-07-22 16:59:57"
"2_Crash_Autopsy.txt","2_Crash_Autopsy.txt","E3B0C44298FC1C149AFBF4C8996FB92427AE41E4649B934CA495991B7852B855","2026-07-22 16:59:57"
"3_Decoded_Malicious_Queries.txt","3_Decoded_Malicious_Queries.txt","E3B0C44298FC1C149AFBF4C8996FB92427AE41E4649B934CA495991B7852B855","2026-07-22 16:59:57"
"cassandra-env.sh","Config_Backup\cassandra-env.sh","A064E0C6D21511BD65CF2DC25579644C1AAA9570DA9F7336F558A298F690D4B5","2026-07-22 16:59:57"
"cassandra-jaas.config","Config_Backup\cassandra-jaas.config","7D0206B4DDC13F78B28BA30CE5BA9D719AE5B3378CCBD3400841A213C4A469A5","2026-07-22 16:59:57"
"cassandra-rackdc.properties","Config_Backup\cassandra-rackdc.properties","E758B31C0E0EEF42F63FED84BBEA448199D238A1EC5B27F7AEB769B397D1601B","2026-07-22 16:59:57"
"cassandra-topology.properties.example","Config_Backup\cassandra-topology.properties.example","2CC12F71B55FC7FEC0669C7172E9FCD03AF86DBD36F30EBB65E595D87B2D49B2","2026-07-22 16:59:57"
"cassandra.yaml","Config_Backup\cassandra.yaml","BA9A6410E4EEC8ED69D2C9023E97FC75ED4F369B139514EECC13DC3D940763E2","2026-07-22 16:59:57"
"commitlog_archiving.properties","Config_Backup\commitlog_archiving.properties","F874D976B7B75072F61D264A6503B98878C4C0C929689C4D54E59985BFC6B43F","2026-07-22 16:59:57"
"cqlshrc.sample","Config_Backup\cqlshrc.sample","AE9708404ABBA396F3B805AEFC56A9B48C90546D3E79EC7EC53E6D33603E2A55","2026-07-22 16:59:57"
"credentials.sample","Config_Backup\credentials.sample","8DA6A7EE573008F7E8D11049AD47EC43BC699D5CF0F691019A3BF758026C12BC","2026-07-22 16:59:57"
"hotspot_compiler","Config_Backup\hotspot_compiler","CF745587CE41363FF38C85CDAF50D88081BB4F73E66A00A635AC27A4532B5CDC","2026-07-22 16:59:57"
"jvm-clients.options","Config_Backup\jvm-clients.options","414C7A083A308F55C66474C74EBDCCE40128C74A0247552A7CAE2CDA03643CC9","2026-07-22 16:59:57"
"jvm-server.options","Config_Backup\jvm-server.options","BD4304B247228FF72C8764222390AFFF3E1413001EA2C3FA896631F8BE6E40E8","2026-07-22 16:59:57"
"jvm11-clients.options","Config_Backup\jvm11-clients.options","0308BC225F89A0A5701257FD912A9CE4C16825C74D43E90A3860E16804FA1E2D","2026-07-22 16:59:57"
"jvm11-server.options","Config_Backup\jvm11-server.options","58AAEEF95498E8A822B3BAE3E74B893BA924E2FE181E1C9646BCCBF0DBEB44D6","2026-07-22 16:59:57"
"jvm8-clients.options","Config_Backup\jvm8-clients.options","1ADADCE4DCCF71FFEE1B67ED5BD636DB20536FB0F363F5FF66F6323D10FE72D0","2026-07-22 16:59:57"
"jvm8-server.options","Config_Backup\jvm8-server.options","C0D28D29844A66BC8ADAE4B234DABB3674DEC6B79D5B384A64CFC8BB676F7084","2026-07-22 16:59:57"
"logback-tools.xml","Config_Backup\logback-tools.xml","F45F53B3A11CCA7F8A3D7044BFF241878749317E7C32793E1BEBB371CF368DFF","2026-07-22 16:59:57"
"logback.xml","Config_Backup\logback.xml","83830A3ECE10FAC8E0C1740A0DBC5B7611E9ADEB7CE03863B04147B59B8D5826","2026-07-22 16:59:57"
"metrics-reporter-config-sample.yaml","Config_Backup\metrics-reporter-config-sample.yaml","7F5BF833EDF950F7AD7F4BE5367E8FC81F36A8D03DBA95F57E0F8CCFEFACC97C","2026-07-22 16:59:57"
"README.txt","Config_Backup\README.txt","69B1EB8704C591BD41EC10DAEA2C720135C5461334CC50810F6A4067F335EA6E","2026-07-22 16:59:57"
"README.txt","Config_Backup\triggers\README.txt","2C29E3CB4991590490FC59FD79562D86538A00D0818CD49B790D817F3B827EF1","2026-07-22 16:59:57"
"CommitLog-7-1784753111151.log","Raw_CommitLogs_Binary\CommitLog-7-1784753111151.log","1D86B4A28C62D62996B97CD756B61568A6B6EC5EF1DD6110D60F019D4018AC39","2026-07-22 16:59:57"
"gc.log.0","System_Logs\gc.log.0","0B9EC9E6DA383E56DFBC7D81E5807B29C542DDFC3244A2F60D743A798B854B41","2026-07-22 16:59:57"
